name,base_price,country,batting_hand,bowling_style,primary_role,batting_role,bowling_role,speciality,quality,nationality_classification,quality_tier,detailed_batting_tags,detailed_bowling_tags,bat_utilization,bowl_utilization,international_leagues,ipl_experience,scouting,smat_performance,conditions_adaptability,pp_efscore,pp_winp,pp_raa,mo_efscore,mo_winp,mo_raa,death_efscore,death_winp,death_raa
Devon Conway,200,New Zealand,LHB,,Batter,Opener,,,,Foreigner,A,"[""#Opener"", ""#Top3Anchor"", ""#PlaysPaceWell"", ""#PlaysSpinWell"", ""#LeftHandBatsman""]",[],"[""Anchor"", ""PlaysPaceWell"", ""PlaysSpinWell""]",[],"[[""Super Smash"", ""Canterbury"", 2024], [""The Hundred"", ""Southern Brave"", 2024]]","[[2023, ""CSK""], [2024, ""CSK""]]",[],[],0.8,130.0,0.6,15.0,120.0,0.58,10.0,90.0,0.48,-3.0
Jake Fraser-McGurk,200,Australia,RHB,,Batter,Opener,,,,Foreigner,A,"[""#Opener"", ""#PowerHitter"", ""#Top3Anchor"", ""#PlaysPaceWell"", ""#PlaysSpinWell"", ""#FloaterBatsmen""]",[],"[""PowerHitter"", ""PlaysPaceWell"", ""PlaysSpinWell""]",[],"[[""BBL"", ""Melbourne Renegades"", 2024], [""International T20s"", ""Australia"", 2024]]","[[2024, ""DC""]]",[],[],0.7,140.0,0.65,20.0,130.0,0.6,15.0,100.0,0.5,0.0
Cameron Green,200,Australia,RHB,RIGHT ARM Fast,BowlAR,MiddleOrder,Pacer,DeathBowler,,Foreigner,A,"[""#Opener"", ""#MiddleOrder"", ""#PowerHitter"", ""#PlaysPaceWell"", ""#PlaysSpinWell"", ""#BattingOrder345""]","[""#RightArmFast"", ""#PPBowler"", ""#MiddleOvers"", ""#DeathOvers"", ""#CanBowl4Overs""]","[""PowerHitter"", ""PlaysPaceWell"", ""PlaysSpinWell""]","[""CanBowl4Overs"", ""PPBowler"", ""MiddleOvers"", ""DeathOvers""]","[[""BBL"", ""Perth Scorchers"", 2024], [""International T20s"", ""Australia"", 2024]]","[[2023, ""MI""], [2024, ""RCB""]]",[],[],0.85,120.0,0.55,10.0,125.0,0.58,12.0,120.0,0.55,10.0
Sarfaraz Khan,75,Indian,RHB,RIGHT ARM Leg Spin,Batter,MiddleOrder,LegSpin,,,Indian,B,"[""#MiddleOrder"", ""#Finisher"", ""#PowerHitter"", ""#PlaysSpinWell"", ""#PlaysPaceWell"", ""#BattingOrder456""]","[""#Legspin"", ""#2OverPartTimer""]","[""PowerHitter"", ""PlaysSpinWell"", ""PlaysPaceWell""]","[""2OverPartTimer""]",[],"[[2023, ""DC""], [2024, ""DC""]]",[],"[[""SMAT 2025-26"", ""Mumbai"", ""Strong Middle-order""]]",0.6,90.0,0.48,-2.0,110.0,0.53,5.0,105.0,0.52,3.0
David Miller,200,South Africa,LHB,,Batter,Finisher,,,,Foreigner,A,"[""#MiddleOrder"", ""#Finisher"", ""#PowerHitter"", ""#PlaysPaceWell"", ""#PlaysSpinWell"", ""#LeftHandBatsman"", ""#BattingOrder456""]",[],"[""PowerHitter"", ""PlaysPaceWell"", ""PlaysSpinWell""]",[],"[[""SA20"", ""Paarl Royals"", 2025], [""International T20s"", ""South Africa"", 2024]]","[[2023, ""GT""], [2024, ""GT""]]",[],[],0.9,90.0,0.48,-3.0,115.0,0.55,8.0,140.0,0.65,20.0
Prithvi Shaw,75,Indian,RHB,,Batter,Opener,,,,Indian,B,"[""#Opener"", ""#PowerHitter"", ""#PlaysPaceWell"", ""#PlaysSpinWell"", ""#Top3Anchor""]",[],"[""PowerHitter"", ""PlaysPaceWell"", ""PlaysSpinWell""]",[],[],"[[2023, ""DC""], [2024, ""DC""]]",[],"[[""SMAT 2025-26"", ""Mumbai"", ""Strong Opener""]]",0.6,120.0,0.55,10.0,95.0,0.48,-2.0,80.0,0.45,-5.0
Gus Atkinson,200,England,RHB,RIGHT ARM Fast,,,Pacer,DeathBowler,,Foreigner,A,[],"[""#RightArmFast"", ""#PPBowler"", ""#MiddleOvers"", ""#DeathOvers"", ""#CanBowl4Overs"", ""#PaceBowler""]",[],"[""CanBowl4Overs"", ""PPBowler"", ""MiddleOvers"", ""DeathOvers""]","[[""The Hundred"", ""Oval Invincibles"", 2024], [""International T20s"", ""England"", 2024]]","[[2024, ""KKR""]]",[],[],0.75,120.0,0.58,10.0,115.0,0.55,8.0,130.0,0.6,15.0
Wanindu Hasaranga,200,Sri Lanka,RHB,RIGHT ARM Leg Spin,,Finisher,LegSpin,MOBowler,,Foreigner,A,"[""#Finisher"", ""#PowerHitter"", ""#PlaysSpinWell"", ""#BattingOrder678""]","[""#Legspin"", ""#MiddleOvers"", ""#DeathOvers"", ""#CanBowl4Overs"", ""#MysterySpinner"", ""#WKTTicket""]","[""PowerHitter"", ""PlaysSpinWell""]","[""CanBowl4Overs"", ""MiddleOvers"", ""DeathOvers""]","[[""LPL"", ""B-Love Kandy"", 2024], [""International T20s"", ""Sri Lanka"", 2024]]","[[2023, ""RCB""], [2024, ""SRH""]]",[],[],0.85,110.0,0.53,5.0,140.0,0.65,20.0,125.0,0.58,12.0
Deepak Hooda,75,Indian,RHB,RIGHT ARM Off Spin,Batter,MiddleOrder,OffSpin,,,Indian,B,"[""#MiddleOrder"", ""#Finisher"", ""#PlaysSpinWell"", ""#PlaysPaceWell"", ""#BattingOrder456""]","[""#Offspin"", ""#2OverPartTimer"", ""#MiddleOvers""]","[""PlaysSpinWell"", ""PlaysPaceWell""]","[""2OverPartTimer""]",[],"[[2023, ""LSG""], [2024, ""LSG""]]",[],"[[""SMAT 2025-26"", ""Rajasthan"", ""Average Middle-order""]]",0.55,90.0,0.48,-2.0,105.0,0.52,3.0,100.0,0.5,0.0
Venkatesh Iyer,200,Indian,LHB,RIGHT ARM Medium,BatAR,Opener,Pacer,,,Indian,A,"[""#Opener"", ""#Top3Anchor"", ""#MiddleOrder"", ""#PowerHitter"", ""#PlaysPaceWell"", ""#PlaysSpinWell"", ""#LeftHandBatsman"", ""#BattingOrder345""]","[""#RightArmMedium"", ""#2OverPartTimer"", ""#MiddleOvers""]","[""PowerHitter"", ""PlaysPaceWell"", ""PlaysSpinWell""]","[""2OverPartTimer"", ""MiddleOvers""]",[],"[[2023, ""KKR""], [2024, ""KKR""]]",[],"[[""SMAT 2025-26"", ""MP"", ""Strong Batting All-rounder""]]",0.75,120.0,0.55,10.0,130.0,0.6,15.0,110.0,0.53,5.0
Liam Livingstone,200,England,RHB,RIGHT ARM Leg Spin,BatAR,MiddleOrder,LegSpin,,A,Foreigner,A,"[""#MiddleOrder"", ""#Finisher"", ""#PowerHitter"", ""#SpinHitter"", ""#PlaysPaceWell"", ""#PlaysSpinWell"", ""#BattingOrder456""]","[""#Legspin"", ""#MiddleOvers"", ""#2OverPartTimer"", ""#CanBowl4Overs""]","[""PowerHitter"", ""SpinHitter"", ""PlaysPaceWell"", ""PlaysSpinWell""]","[""CanBowl4Overs"", ""2OverPartTimer""]","[[""IPL"", ""Punjab Kings"", ""2022-2023""], [""BBL"", ""Various"", ""Recent""], [""SA20"", ""Various"", ""Recent""], [""The Hundred"", ""Various"", ""Recent""]]","[[""2021"", ""RR""], [""2022"", ""PBKS""], [""2023"", ""PBKS""]]",[],[],0.85,90.0,0.48,-2.0,125.0,0.6,15.0,140.0,0.65,20.0
Wiaan Mulder,100,South Africa,RHB,RIGHT ARM Fast Medium,BowlAR,MiddleOrder,Pacer,,B,Foreigner,B,"[""#MiddleOrder"", ""#BattingOrder567""]","[""#RightArmFast"", ""#MiddleOvers"", ""#DeathOvers"", ""#CanBowl4Overs""]",[],"[""CanBowl4Overs""]","[[""SA20"", ""Various"", ""Recent""]]",[],[],[],0.65,85.0,0.47,-5.0,105.0,0.52,3.0,95.0,0.5,0.0
Rachin Ravindra,200,New Zealand,LHB,LEFT ARM Slow Orthodox,BowlAR,Opener,LeftArmSpinner,,A,Foreigner,A,"[""#Opener"", ""#Top3Anchor"", ""#PowerHitter"", ""#PlaysPaceWell"", ""#PlaysSpinWell""]","[""#LeftArmOrthodox"", ""#MiddleOvers"", ""#CanBowl4Overs""]","[""Anchor"", ""PowerHitter"", ""PlaysPaceWell"", ""PlaysSpinWell""]","[""CanBowl4Overs""]","[[""IPL"", ""CSK"", ""2024""], [""Super Smash"", ""Various"", ""Recent""]]","[[""2024"", ""CSK""]]",[],[],0.8,130.0,0.6,12.0,115.0,0.58,10.0,90.0,0.48,-3.0
Finn Allen,200,New Zealand,RHB,,Batter,Opener,,,B,Foreigner,B,"[""#Opener"", ""#PowerHitter"", ""#PlaysPaceWell""]",[],"[""PowerHitter"", ""PlaysPaceWell""]",[],"[[""BBL"", ""Perth Scorchers"", ""Recent""], [""The Hundred"", ""Various"", ""Recent""]]",[],[],[],0.7,135.0,0.62,15.0,95.0,0.5,0.0,80.0,0.46,-5.0
Jonny Bairstow,100,England,RHB,,Batter,Opener,,WKBat,A,Foreigner,A,"[""#Opener"", ""#Top3Anchor"", ""#PowerHitter"", ""#WK"", ""#PlaysPaceWell"", ""#PlaysSpinWell""]",[],"[""PowerHitter"", ""PlaysPaceWell"", ""PlaysSpinWell""]",[],"[[""IPL"", ""SRH/PBKS"", ""Various""], [""The Hundred"", ""Welsh Fire"", ""Recent""]]","[[""2018"", ""PBKS""], [""2019"", ""SRH""], [""2021"", ""SRH""], [""2022"", ""PBKS""], [""2023"", ""PBKS""]]",[],[],0.9,130.0,0.6,12.0,115.0,0.58,10.0,100.0,0.52,5.0
K.S. Bharat,75,Indian,RHB,,Batter,MiddleOrder,,WKBat,B,Indian,B,"[""#WK"", ""#Top3Anchor"", ""#MiddleOrder"", ""#PlaysPaceWell"", ""#PlaysSpinWell""]",[],"[""Anchor"", ""PlaysPaceWell"", ""PlaysSpinWell""]",[],[],"[[""2021"", ""RCB""], [""2022"", ""DC""], [""2023"", ""GT""]]",[],[],0.6,105.0,0.52,3.0,100.0,0.5,0.0,80.0,0.45,-5.0
Quinton De Kock,100,South Africa,LHB,,Batter,Opener,,WKBat,A,Foreigner,A,"[""#Opener"", ""#WK"", ""#PowerHitter"", ""#PlaysPaceWell"", ""#PlaysSpinWell""]",[],"[""PowerHitter"", ""PlaysPaceWell"", ""PlaysSpinWell""]",[],"[[""IPL"", ""MI/LSG"", ""Various""], [""SA20"", ""Durban's Super Giants"", ""Recent""], [""CPL"", ""Barbados Royals"", ""Recent""]]","[[""2013"", ""SRH""], [""2016"", ""DD""], [""2017"", ""DD""], [""2018"", ""RCB""], [""2019"", ""MI""], [""2020"", ""MI""], [""2021"", ""MI""], [""2022"", ""LSG""], [""2023"", ""LSG""]]",[],[],0.9,140.0,0.65,18.0,120.0,0.6,12.0,95.0,0.5,0.0
Ben Duckett,200,England,LHB,,Batter,Opener,,,A,Foreigner,A,"[""#Opener"", ""#Top3Anchor"", ""#PowerHitter"", ""#PlaysPaceWell"", ""#PlaysSpinWell""]",[],"[""PowerHitter"", ""PlaysPaceWell"", ""PlaysSpinWell""]",[],"[[""BBL"", ""Brisbane Heat"", ""Recent""], [""The Hundred"", ""Various"", ""Recent""], [""PSL"", ""Quetta Gladiators"", ""Recent""]]",[],[],[],0.8,120.0,0.58,10.0,110.0,0.55,8.0,90.0,0.48,-2.0
Rahmanullah Gurbaz,150,Afghanistan,RHB,,Batter,Opener,,WKBat,A,Foreigner,A,"[""#Opener"", ""#WK"", ""#PowerHitter"", ""#PlaysPaceWell""]",[],"[""PowerHitter"", ""PlaysPaceWell""]",[],"[[""IPL"", ""KKR"", ""2023""], [""ILT20"", ""Various"", ""Recent""], [""PSL"", ""Islamabad United"", ""Recent""]]","[[""2023"", ""KKR""]]",[],[],0.8,135.0,0.62,15.0,110.0,0.55,8.0,85.0,0.47,-4.0
Jamie Smith,200,England,RHB,,Batter,MiddleOrder,,WKBat,B,Foreigner,B,"[""#WK"", ""#MiddleOrder"", ""#Finisher"", ""#PowerHitter"", ""#BattingOrder456""]",[],"[""PowerHitter""]",[],"[[""T20 Blast"", ""Surrey"", ""Recent""]]",[],[],[],0.55,80.0,0.46,-5.0,105.0,0.52,3.0,110.0,0.55,8.0
Gerald Coetzee,200,South Africa,RHB,RIGHT ARM Fast,,,Pacer,DeathBowler,,Foreigner,A,"[""#LowerOrder"", ""#CanHitABall""]","[""#RightArmFast"", ""#PPBowler"", ""#MiddleOvers"", ""#DeathOvers"", ""#CanBowl4Overs"", ""#ImpactBowler""]","[""LowerOrderHitter""]","[""CanBowl4Overs""]","[[""SA20"", ""Joburg Super Kings"", 2024], [""BBL"", ""Perth Scorchers"", 2023]]","[[2024, ""MI""]]",[],[],0.85,105.0,0.55,5.0,115.0,0.6,10.0,130.0,0.65,20.0
Akash Deep,100,Indian,RHB,RIGHT ARM Fast,,,Pacer,PPBowler,,Indian,B,"[""#LowerOrder"", ""#CanHitABall""]","[""#RightArmFast"", ""#PPBowler"", ""#MiddleOvers"", ""#CanBowl4Overs"", ""#ImpactSub""]","[""LowerOrderHitter""]","[""CanBowl4Overs""]","[[""SMAT"", ""Bengal"", 2024]]","[[2022, ""RCB""], [2023, ""RCB""], [2024, ""RCB""]]",[],[],0.65,100.0,0.5,2.0,105.0,0.52,4.0,95.0,0.48,-2.0
Jacob Duffy,200,New Zealand,RHB,RIGHT ARM Fast Medium,,,Pacer,PPBowler,,Foreigner,B,"[""#LowerOrder""]","[""#RightArmFastMedium"", ""#PPBowler"", ""#MiddleOvers"", ""#CanBowl4Overs""]","[""N/A""]","[""CanBowl4Overs""]","[[""Super Smash"", ""Otago"", 2024]]",[],[],[],0.6,100.0,0.5,2.0,100.0,0.5,2.0,90.0,0.45,-5.0
Fazalhaq Farooqi,100,Afghanistan,RHB,LEFT ARM Fast Medium,,,Pacer,PPBowler,,Foreigner,A,"[""#LowerOrder""]","[""#LeftArmPace"", ""#PPBowler"", ""#DeathOvers"", ""#CanBowl4Overs""]","[""N/A""]","[""CanBowl4Overs""]","[[""ILT20"", ""MI Emirates"", 2024], [""SA20"", ""Sunrisers Eastern Cape"", 2024]]","[[2023, ""SRH""], [2024, ""SRH""]]",[],[],0.8,115.0,0.6,10.0,105.0,0.55,5.0,120.0,0.62,15.0
Matt Henry,200,New Zealand,RHB,RIGHT ARM Fast Medium,,,Pacer,PPBowler,,Foreigner,B,"[""#LowerOrder"", ""#CanHitABall""]","[""#RightArmFastMedium"", ""#PPBowler"", ""#MiddleOvers"", ""#CanBowl4Overs""]","[""LowerOrderHitter""]","[""CanBowl4Overs""]","[[""Super Smash"", ""Canterbury"", 2024]]","[[2017, ""KXIP""]]",[],[],0.7,105.0,0.55,5.0,100.0,0.5,2.0,90.0,0.45,-5.0
Spencer Johnson,150,Australia,LHB,LEFT ARM Fast,,,Pacer,,,Foreigner,A,"[""#LowerOrder""]","[""#LeftArmPace"", ""#PPBowler"", ""#MiddleOvers"", ""#DeathOvers"", ""#CanBowl4Overs"", ""#ImpactBowler""]","[""N/A""]","[""CanBowl4Overs""]","[[""BBL"", ""Brisbane Heat"", 2024], [""The Hundred"", ""Oval Invincibles"", 2024]]","[[2024, ""GT""]]",[],[],0.8,110.0,0.58,8.0,115.0,0.6,10.0,120.0,0.62,15.0
Shivam Mavi,75,Indian,RHB,RIGHT ARM Fast Medium,,,Pacer,PPBowler,,Indian,B,"[""#LowerOrder"", ""#CanHitABall""]","[""#RightArmFastMedium"", ""#PPBowler"", ""#MiddleOvers"", ""#CanBowl4Overs"", ""#ImpactSub""]","[""LowerOrderHitter""]","[""CanBowl4Overs""]","[[""SMAT"", ""Uttar Pradesh"", 2024]]","[[2018, ""KKR""], [2019, ""KKR""], [2021, ""KKR""], [2022, ""KKR""], [2023, ""GT""]]",[],[],0.65,100.0,0.5,2.0,95.0,0.48,-2.0,90.0,0.45,-5.0
Anrich Nortje,200,South Africa,RHB,RIGHT ARM Fast,,,Pacer,DeathBowler,,Foreigner,A,"[""#LowerOrder""]","[""#RightArmFast"", ""#PPBowler"", ""#DeathOvers"", ""#CanBowl4Overs"", ""#ImpactBowler""]","[""N/A""]","[""CanBowl4Overs""]","[[""SA20"", ""Pretoria Capitals"", 2024]]","[[2020, ""DC""], [2021, ""DC""], [2022, ""DC""], [2023, ""DC""], [2024, ""DC""]]",[],[],0.9,120.0,0.62,15.0,110.0,0.58,8.0,135.0,0.68,25.0
Matheesha Pathirana,200,Sri Lanka,RHB,RIGHT ARM Fast,,,Pacer,DeathBowler,,Foreigner,A,"[""#Tailender""]","[""#RightArmFast"", ""#DeathOvers"", ""#CanBowl4Overs"", ""#MysteryPacer"", ""#ImpactBowler""]","[""N/A""]","[""CanBowl4Overs""]","[[""LPL"", ""Colombo Strikers"", 2024]]","[[2022, ""CSK""], [2023, ""CSK""], [2024, ""CSK""]]",[],[],0.85,80.0,0.4,-10.0,90.0,0.45,-5.0,150.0,0.7,30.0
Ravi Bishnoi,200,Indian,RHB,RIGHT ARM Leg Spin,,,WristSpinner,,,Indian,A,"[""#LowerOrder"", ""#CanHitABall""]","[""#Legspin"", ""#PPBowler"", ""#MiddleOvers"", ""#DeathOvers"", ""#CanBowl4Overs"", ""#MysterySpinner""]","[""LowerOrderHitter"", ""#GoodFielder""]","[""CanBowl4Overs""]","[[""International T20"", ""India"", 2024], [""SMAT"", ""Rajasthan"", 2024]]","[[2020, ""KXIP""], [2021, ""KXIP""], [2022, ""LSG""], [2023, ""LSG""], [2024, ""LSG""]]",[],[],0.9,105.0,0.55,5.0,125.0,0.65,20.0,105.0,0.55,5.0
Rahul Chahar,100,Indian,RHB,RIGHT ARM Leg Spin,,,LegSpin,MOBowler,A,Indian,A,"[""#BattingOrder91011""]","[""#Legspin"", ""#MiddleOvers"", ""#CanBowl4Overs"", ""#PlaysPaceWell"", ""#PlaysSpinWell""]",[],"[""CanBowl4Overs""]",[],"[[2019, ""MI""], [2020, ""MI""], [2021, ""MI""], [2022, ""PBKS""], [2023, ""PBKS""]]",[],[],0.7,110.0,0.55,5.0,130.0,0.6,15.0,100.0,0.5,0.0
Akeal Hosein,200,Indian,LHB,LEFT ARM Slow Orthodox,,Finisher,LeftArmSpinner,PPBowler,A,Foreigner,A,"[""#Finisher"", ""#PowerHitter"", ""#BattingOrder789""]","[""#PPBowler"", ""#MiddleOvers"", ""#CanBowl4Overs"", ""#LeftArmOrthodox""]",[],"[""CanBowl4Overs""]","[[""CPL"", ""TKR"", 2023], [""SA20"", ""MICT"", 2024], [""BBL"", ""MLR"", 2024]]",[],[],[],0.8,140.0,0.65,20.0,140.0,0.65,20.0,110.0,0.53,5.0
Mujeeb Rahman,200,Afghanistan,RHB,RIGHT ARM Off Spin,,,MysterySpinner,PPBowler,A,Foreigner,A,"[""#BattingOrder91011""]","[""#PPBowler"", ""#MiddleOvers"", ""#CanBowl4Overs"", ""#RightArmOffspin"", ""#MysterySpinner""]",[],"[""CanBowl4Overs""]","[[""BBL"", ""MLR"", 2023], [""ILT20"", ""GG"", 2024]]","[[2018, ""PBKS""], [2019, ""PBKS""], [2021, ""SRH""]]",[],[],0.8,140.0,0.65,20.0,140.0,0.65,20.0,100.0,0.5,0.0
Maheesh Theekshana,200,Sri Lanka,RHB,RIGHT ARM Off Spin,,,MysterySpinner,PPBowler,A,Foreigner,A,"[""#BattingOrder91011""]","[""#PPBowler"", ""#MiddleOvers"", ""#CanBowl4Overs"", ""#RightArmOffspin"", ""#MysterySpinner""]",[],"[""CanBowl4Overs""]","[[""LPL"", ""GT"", 2023], [""SA20"", ""JRSK"", 2024]]","[[2022, ""CSK""], [2023, ""CSK""]]",[],[],0.8,140.0,0.65,20.0,140.0,0.65,20.0,100.0,0.5,0.0
Aarya Desai,30,Indian,LHB,RIGHT ARM Off Spin,Batter,Opener,,,B,Indian,B,"[""#Opener"", ""#Top3Anchor"", ""#PlaysPaceWell"", ""#PlaysSpinWell""]","[""#2OverPartTimer"", ""#RightArmOffspin""]","[""Anchor"", ""PlaysPaceWell"", ""PlaysSpinWell""]",[],[],[],[],[],0.5,105.0,0.52,3.0,100.0,0.5,0.0,80.0,0.45,-5.0
Yash Dhull,30,Indian,RHB,RIGHT ARM Leg Spin,Batter,MiddleOrder,,,B,Indian,B,"[""#Top3Anchor"", ""#MiddleOrder"", ""#PlaysPaceWell"", ""#PlaysSpinWell""]","[""#2OverPartTimer"", ""#Legspin""]","[""Anchor"", ""PlaysPaceWell"", ""PlaysSpinWell""]",[],[],"[[2022, ""DC""], [2023, ""DC""]]",[],[],0.5,100.0,0.5,0.0,105.0,0.52,3.0,80.0,0.45,-5.0
Abhinav Manohar,30,Indian,RHB,RIGHT ARM Leg Spin,Batter,MiddleOrder,,,B,Indian,B,"[""#MiddleOrder"", ""#Finisher"", ""#PowerHitter"", ""#PlaysPaceWell"", ""#PlaysSpinWell"", ""#BattingOrder456""]",[],"[""Floater"", ""PlaysPaceWell"", ""PlaysSpinWell""]",[],[],"[[2022, ""GT""], [2023, ""GT""]]",[],[],0.6,90.0,0.47,-3.0,105.0,0.52,3.0,110.0,0.53,5.0
Anmolpreet Singh,30,Indian,RHB,RIGHT ARM Off Spin,Batter,Opener,,,B,Indian,B,"[""#Opener"", ""#Top3Anchor"", ""#PlaysPaceWell"", ""#PlaysSpinWell""]",[],"[""PlaysPaceWell"", ""PlaysSpinWell""]",[],[],"[[2019, ""MI""], [2022, ""PBKS""]]",[],[],0.5,105.0,0.52,3.0,100.0,0.5,0.0,80.0,0.45,-5.0
Atharva Taide,30,Indian,LHB,LEFT ARM Slow Orthodox,BatAR,Opener,LeftArmSpinner,,B,Indian,B,"[""#Opener"", ""#Top3Anchor"", ""#PlaysPaceWell"", ""#PlaysSpinWell""]","[""#MiddleOvers"", ""#2OverPartTimer"", ""#LeftArmOrthodox""]","[""PlaysPaceWell"", ""PlaysSpinWell""]","[""2OverPartTimer""]",[],[],[],[],0.5,105.0,0.52,3.0,100.0,0.5,0.0,90.0,0.48,-2.0
Abhinav Tejrana,30,Indian,LHB,RIGHT ARM Off Spin,Batter,MiddleOrder,,,B,Indian,B,"[""#Top3Anchor"", ""#MiddleOrder"", ""#PlaysPaceWell"", ""#PlaysSpinWell""]","[""#2OverPartTimer"", ""#RightArmOffspin""]","[""PlaysPaceWell"", ""PlaysSpinWell""]",[],[],[],[],[],0.5,100.0,0.5,0.0,100.0,0.5,0.0,80.0,0.45,-5.0
Auqib Dar,30,Indian,RHB,RIGHT ARM Fast Medium,,,Pacer,PPBowler,B,Indian,B,"[""#LowerOrder"", ""#LimitedBattingAbility""]","[""#RightArmFast"", ""#PPBowler"", ""#MiddleOvers"", ""#CanBowl4Overs""]",[],"[""CanBowl4Overs"", ""PPBowler"", ""MiddleOvers""]",[],[],[],"[""Consistent domestic T20 bowler with good pace""]",0.6,95.0,0.48,0.0,100.0,0.5,0.0,85.0,0.45,-5.0
Rajvardhan Hangargekar,40,Indian,RHB,RIGHT ARM Fast,BowlAR,,Pacer,PPBowler,B,Indian,B,"[""#LowerOrder"", ""#PowerHitter"", ""#LimitedBattingAbility""]","[""#RightArmFast"", ""#PPBowler"", ""#MiddleOvers"", ""#CanBowl4Overs"", ""#DeathOvers""]","[""PowerHitter""]","[""CanBowl4Overs"", ""PPBowler"", ""DeathOvers""]",[],"[[2023, ""CSK""]]",[],"[""Promising pace bowler with hitting ability in domestic T20""]",0.7,98.0,0.49,0.0,105.0,0.52,2.0,90.0,0.47,-3.0
Tanush Kotian,30,Indian,RHB,RIGHT ARM Off Spin,BowlAR,,OffSpin,MOBowler,B,Indian,B,"[""#LowerOrder"", ""#CanBat"", ""#PlaysSpinWell"", ""#PlaysPaceWell"", ""#BattingOrder78""]","[""#Offspin"", ""#MiddleOvers"", ""#PPBowler"", ""#CanBowl4Overs""]","[""CanBat"", ""PlaysSpinWell"", ""PlaysPaceWell""]","[""CanBowl4Overs"", ""PPBowler"", ""MiddleOvers""]",[],"[[2024, ""RR""]]",[],"[""Strong domestic T20 all-rounder with consistent performances in batting and bowling""]",0.75,90.0,0.47,-2.0,110.0,0.55,5.0,90.0,0.47,-2.0
Shivang Kumar,30,Indian,RHB,LEFT ARM Slow Unorthodox,,,MysterySpinner,MOBowler,B,Indian,B,"[""#LowerOrder"", ""#LimitedBattingAbility""]","[""#LeftArmSlowUnorthodox"", ""#MysterySpinner"", ""#MiddleOvers"", ""#PPBowler"", ""#CanBowl4Overs""]",[],"[""CanBowl4Overs"", ""MysterySpinner"", ""MiddleOvers""]",[],[],[],"[""Emerging left-arm mystery spinner in domestic T20""]",0.65,95.0,0.48,0.0,105.0,0.53,3.0,80.0,0.45,-5.0
Mahipal Lomror,50,Indian,LHB,LEFT ARM Slow Orthodox,Batter,MiddleOrder,,,B,Indian,B,"[""#MiddleOrder"", ""#Finisher"", ""#PowerHitter"", ""#SpinHitter"", ""#PlaysPaceWell"", ""#PlaysSpinWell"", ""#BattingOrder456""]","[""#LeftArmOrthodox"", ""#2OverPartTimer"", ""#MiddleOvers""]","[""Floater"", ""PowerHitter"", ""SpinHitter"", ""PlaysPaceWell"", ""PlaysSpinWell""]","[""2OverPartTimer""]",[],"[[2018, ""RR""], [2019, ""RR""], [2020, ""RR""], [2021, ""RR""], [2022, ""RCB""], [2023, ""RCB""], [2024, ""RCB""]]",[],"[""Consistent domestic T20 performer with strong hitting ability""]",0.7,90.0,0.47,-3.0,115.0,0.58,8.0,105.0,0.53,3.0
Kamlesh Nagarkoti,30,Indian,RHB,RIGHT ARM Fast,,,Pacer,PPBowler,B,Indian,B,"[""#LowerOrder"", ""#LimitedBattingAbility""]","[""#RightArmFast"", ""#PPBowler"", ""#MiddleOvers"", ""#DeathOvers"", ""#CanBowl4Overs"", ""#InjuryProne""]",[],"[""CanBowl4Overs"", ""PPBowler"", ""DeathOvers"", ""InjuryRisk""]",[],"[[2020, ""KKR""], [2022, ""DC""], [2023, ""DC""]]",[],"[""Fast bowler with high potential but injury concerns in domestic T20""]",0.6,98.0,0.49,0.0,100.0,0.5,0.0,88.0,0.46,-4.0
Vijay Shankar,30,Indian,RHB,RIGHT ARM Fast Medium,Batter,MiddleOrder,,,B,Indian,B,"[""#MiddleOrder"", ""#Top3Anchor"", ""#PlaysPaceWell"", ""#PlaysSpinWell"", ""#BattingOrder456""]","[""#RightArmFastMedium"", ""#2OverPartTimer"", ""#MiddleOvers""]","[""Floater"", ""Anchor"", ""PlaysPaceWell"", ""PlaysSpinWell""]","[""2OverPartTimer""]",[],"[[2014, ""CSK""], [2017, ""SRH""], [2018, ""SRH""], [2019, ""SRH""], [2020, ""SRH""], [2021, ""SRH""], [2022, ""GT""], [2023, ""GT""], [2024, ""GT""]]",[],"[""Experienced domestic T20 batter with occasional medium-pace bowling""]",0.75,95.0,0.48,-2.0,110.0,0.55,5.0,95.0,0.48,-2.0
Sanvir Singh,30,Indian,RHB,RIGHT ARM Fast,BatAR,MiddleOrder,,,B,Indian,B,"[""#MiddleOrder"", ""#LowerOrder"", ""#PowerHitter"", ""#BattingOrder67""]","[""#RightArmFast"", ""#2OverPartTimer"", ""#MiddleOvers""]","[""PowerHitter""]","[""2OverPartTimer""]",[],"[[2023, ""SRH""], [2024, ""SRH""]]",[],"[""Promising domestic T20 all-rounder with strong hitting ability and occasional medium-pace""]",0.65,90.0,0.47,-3.0,105.0,0.52,3.0,100.0,0.5,0.0
Edhen Tom,30,Indian,RHB,RIGHT ARM Fast,,,Pacer,PPBowler,B,Indian,B,"[""#LowerOrder"", ""#LimitedBattingAbility""]","[""#RightArmFast"", ""#PPBowler"", ""#MiddleOvers"", ""#CanBowl4Overs""]",[],"[""CanBowl4Overs"", ""PPBowler"", ""MiddleOvers""]",[],[],[],"[""Developing domestic T20 fast bowler""]",0.6,95.0,0.48,0.0,100.0,0.5,0.0,85.0,0.45,-5.0
Prashant Veer,30,Indian,LHB,LEFT ARM Slow Orthodox,BowlAR,MiddleOrder,LeftArmSpinner,MOBowler,B,Indian,B,"[""#MiddleOrder"", ""#LowerOrder"", ""#CanBat"", ""#PlaysSpinWell"", ""#BattingOrder67""]","[""#LeftArmOrthodox"", ""#MiddleOvers"", ""#CanBowl4Overs""]","[""CanBat"", ""PlaysSpinWell""]","[""CanBowl4Overs"", ""MiddleOvers""]",[],[],[],"[""Domestic T20 left-arm orthodox bowler with useful lower-order batting""]",0.65,90.0,0.47,-2.0,105.0,0.53,3.0,90.0,0.47,-2.0
Devon Conway,200,New Zealand,LHB,,,,,,,New Zealand,,[],[],[],[],[],[],[],[],0.5,,,,,,,,,
Jake Fraser-McGurk,200,Australia,RHB,,,,,,,Australia,,[],[],[],[],[],[],[],[],0.5,,,,,,,,,
Cameron Green,200,Australia,RHB,RIGHT ARM Fast,,,,,,Australia,,[],[],[],[],[],[],[],[],0.5,,,,,,,,,
Sarfaraz Khan,75,Indian,RHB,RIGHT ARM Leg Spin,,,,,,Indian,,[],[],[],[],[],[],[],[],0.5,,,,,,,,,
David Miller,200,South Africa,LHB,,,,,,,South Africa,,[],[],[],[],[],[],[],[],0.5,,,,,,,,,
Prithvi Shaw,75,Indian,RHB,,,,,,,Indian,,[],[],[],[],[],[],[],[],0.5,,,,,,,,,
Gus Atkinson,200,England,RHB,RIGHT ARM Fast,,,,,,England,,[],[],[],[],[],[],[],[],0.5,,,,,,,,,
Wanindu Hasaranga,200,Sri Lanka,RHB,RIGHT ARM Leg Spin,,,,,,Sri Lanka,,[],[],[],[],[],[],[],[],0.5,,,,,,,,,
Deepak Hooda,75,Indian,RHB,RIGHT ARM Off Spin,,,,,,Indian,,[],[],[],[],[],[],[],[],0.5,,,,,,,,,
Venkatesh Iyer,200,Indian,LHB,RIGHT ARM Medium,,,,,,Indian,,[],[],[],[],[],[],[],[],0.5,,,,,,,,,
Ruchit Ahir,30,Indian,RHB,,Batter,MiddleOrder,,,B,Indian,B,"[""#MiddleOrder"", ""#PlaysPaceWell"", ""#PlaysSpinWell"", ""#BattingOrder456""]",[],"[""PlaysPaceWell"", ""PlaysSpinWell""]",[],[],[],[],[],0.6,95.0,0.48,-2.0,105.0,0.52,3.0,90.0,0.47,-3.0
Vansh Bedi,30,Indian,RHB,,Batter,MiddleOrder,,,B,Indian,B,"[""#MiddleOrder"", ""#PlaysPaceWell"", ""#PlaysSpinWell"", ""#BattingOrder456""]",[],"[""PlaysPaceWell"", ""PlaysSpinWell""]",[],[],[],[],[],0.6,95.0,0.48,-2.0,105.0,0.52,3.0,90.0,0.47,-3.0
Mukul Choudhary,30,Indian,RHB,,Batter,MiddleOrder,,,B,Indian,B,"[""#MiddleOrder"", ""#PlaysPaceWell"", ""#PlaysSpinWell"", ""#BattingOrder456""]",[],"[""PlaysPaceWell"", ""PlaysSpinWell""]",[],[],[],[],[],0.6,95.0,0.48,-2.0,105.0,0.52,3.0,90.0,0.47,-3.0
Tushar Raheja,30,Indian,LHB,,Batter,MiddleOrder,,,B,Indian,B,"[""#MiddleOrder"", ""#PlaysPaceWell"", ""#PlaysSpinWell"", ""#BattingOrder456""]",[],"[""PlaysPaceWell"", ""PlaysSpinWell""]",[],[],[],[],[],0.6,95.0,0.48,-2.0,105.0,0.52,3.0,90.0,0.47,-3.0
Kartik Sharma,30,Indian,RHB,,Batter,MiddleOrder,,,B,Indian,B,"[""#MiddleOrder"", ""#PlaysPaceWell"", ""#PlaysSpinWell"", ""#BattingOrder456""]",[],"[""PlaysPaceWell"", ""PlaysSpinWell""]",[],[],[],[],[],0.6,95.0,0.48,-2.0,105.0,0.52,3.0,90.0,0.47,-3.0
Tejasvi Singh,30,Indian,RHB,RIGHT ARM Off Spin,BowlAR,,OffSpin,MOBowler,B,Indian,B,"[""#CanBat"", ""#BattingOrder67""]","[""#Offspin"", ""#MiddleOvers"", ""#CanBowl4Overs""]",[],"[""CanBowl4Overs""]",[],[],[],[],0.6,90.0,0.48,-3.0,105.0,0.53,4.0,85.0,0.46,-5.0
Raj Limbani,30,Indian,LHB,RIGHT ARM Fast Medium,,,Pacer,PPBowler,B,Indian,B,"[""#CanBat"", ""#BattingOrder8910""]","[""#RightArmFast"", ""#PPBowler"", ""#DeathOvers"", ""#CanBowl4Overs""]",[],"[""CanBowl4Overs""]",[],[],[],[],0.65,105.0,0.52,3.0,98.0,0.5,0.0,103.0,0.51,2.0
Akash Madhwal,30,Indian,RHB,RIGHT ARM Fast Medium,,,Pacer,DeathBowler,A,Indian,A,"[""#CanBat"", ""#BattingOrder8910""]","[""#RightArmFast"", ""#DeathOvers"", ""#CanBowl4Overs"", ""#PPBowler"", ""#MiddleOvers""]",[],"[""CanBowl4Overs""]",[],"[[2023, ""MI""], [2024, ""MI""]]",[],[],0.8,115.0,0.58,8.0,110.0,0.56,6.0,145.0,0.68,20.0
Sushant Mishra,30,Indian,LHB,LEFT ARM Fast,,,Pacer,PPBowler,B,Indian,B,"[""#CanBat"", ""#BattingOrder8910""]","[""#LeftArmPace"", ""#PPBowler"", ""#MiddleOvers"", ""#CanBowl4Overs""]",[],"[""CanBowl4Overs""]",[],[],[],[],0.7,110.0,0.55,7.0,105.0,0.53,4.0,100.0,0.5,1.0
Ashok Sharma,30,Indian,RHB,RIGHT ARM Fast,,,Pacer,PPBowler,B,Indian,B,"[""#CanBat"", ""#BattingOrder8910""]","[""#RightArmFast"", ""#PPBowler"", ""#MiddleOvers"", ""#DeathOvers"", ""#CanBowl4Overs""]",[],"[""CanBowl4Overs""]",[],[],[],[],0.65,103.0,0.51,2.0,100.0,0.5,1.0,102.0,0.51,1.0
Simarjeet Singh,30,Indian,RHB,RIGHT ARM Fast,,,Pacer,PPBowler,,Indian,B,"[""#TailEnder""]","[""#RightArmFast"", ""#PPBowler"", ""#MiddleOvers"", ""#DeathOvers"", ""#CanBowl4Overs""]","[""N/A""]","[""CanBowl4Overs""]",[],[],[],[],0.5,95.0,0.48,-2.0,100.0,0.5,0.0,90.0,0.47,-3.0
Naman Tiwari,30,Indian,LHB,LEFT ARM Fast,,,Pacer,PPBowler,,Indian,B,"[""#TailEnder""]","[""#LeftArmPace"", ""#PPBowler"", ""#MiddleOvers"", ""#CanBowl4Overs""]","[""N/A""]","[""CanBowl4Overs""]",[],[],[],[],0.5,105.0,0.52,2.0,100.0,0.5,0.0,90.0,0.47,-3.0
Kartik Tyagi,30,Indian,RHB,RIGHT ARM Fast,,,Pacer,DeathBowler,,Indian,B,"[""#TailEnder""]","[""#RightArmFast"", ""#PPBowler"", ""#DeathOvers"", ""#CanBowl4Overs""]","[""N/A""]","[""CanBowl4Overs""]",[],[],[],[],0.5,95.0,0.48,-2.0,100.0,0.5,0.0,105.0,0.52,2.0
Yash Raj Punja,30,Indian,RHB,RIGHT ARM Leg Spin,,,LegSpin,MOBowler,,Indian,B,"[""#TailEnder""]","[""#Legspin"", ""#MiddleOvers"", ""#CanBowl4Overs""]","[""N/A""]","[""CanBowl4Overs""]",[],[],[],[],0.45,85.0,0.46,-5.0,105.0,0.52,2.0,90.0,0.47,-3.0
Vignesh Puthur,30,Indian,RHB,LEFT ARM Slow Unorthodox,,,MysterySpinner,MOBowler,,Indian,B,"[""#TailEnder""]","[""#LeftArmOrthodox"", ""#MysterySpinner"", ""#MiddleOvers"", ""#CanBowl4Overs""]","[""N/A""]","[""CanBowl4Overs""]",[],[],[],[],0.55,95.0,0.48,-2.0,110.0,0.55,5.0,90.0,0.47,-3.0
Karn Sharma,50,Indian,LHB,RIGHT ARM Leg Spin,,,LegSpin,MOBowler,,Indian,B,"[""#TailEnder"", ""#CanBatALittle""]","[""#Legspin"", ""#MiddleOvers"", ""#CanBowl4Overs"", ""#PPBowler""]","[""N/A""]","[""CanBowl4Overs""]",[],[],[],[],0.6,90.0,0.47,-3.0,110.0,0.55,5.0,95.0,0.48,-2.0
Shivam Shukla,30,Indian,RHB,RIGHT ARM Leg Spin,,,LegSpin,MOBowler,,Indian,B,"[""#TailEnder""]","[""#Legspin"", ""#MiddleOvers"", ""#CanBowl4Overs""]","[""N/A""]","[""CanBowl4Overs""]",[],[],[],[],0.45,85.0,0.46,-5.0,105.0,0.52,2.0,90.0,0.47,-3.0
Kumar Kartikeya Singh,30,Indian,RHB,LEFT ARM Slow Orthodox,,,,MOBowler,,Indian,B,"[""#TailEnder""]","[""#LeftArmOrthodox"", ""#MiddleOvers"", ""#CanBowl4Overs"", ""#PPBowler""]","[""N/A""]","[""CanBowl4Overs""]",[],[],[],[],0.55,100.0,0.5,0.0,110.0,0.55,5.0,90.0,0.47,-3.0
Prashant Solanki,30,Indian,RHB,RIGHT ARM Leg Spin,,,LegSpin,MOBowler,,Indian,B,"[""#TailEnder""]","[""#Legspin"", ""#MiddleOvers"", ""#CanBowl4Overs""]","[""N/A""]","[""CanBowl4Overs""]",[],[],[],[],0.45,85.0,0.46,-5.0,105.0,0.52,2.0,90.0,0.47,-3.0
Wahidullah Zadran,30,Afghanistan,RHB,RIGHT ARM Off Spin,,,OffSpin,MOBowler,,Foreigner,B,"[""#TailEnder""]","[""#Offspin"", ""#MiddleOvers"", ""#CanBowl4Overs"", ""#PPBowler""]","[""N/A""]","[""CanBowl4Overs""]",[],[],[],[],0.5,100.0,0.5,0.0,105.0,0.52,2.0,85.0,0.46,-5.0
Mayank Agarawal,75,Indian,RHB,RIGHT ARM Off Spin,Batter,Opener,OffSpin,,,Indian,B,"[""#Opener"", ""#Top3Anchor"", ""#PlaysPaceWell"", ""#PlaysSpinWell"", ""#BattingOrder123""]","[""#2OverPartTimer"", ""#Offspin""]","[""Anchor"", ""PlaysPaceWell"", ""PlaysSpinWell""]","[""2OverPartTimer""]","[[""IPL"", ""SRH"", 2023], [""SMAT"", ""Karnataka"", 2023]]","[[2023, ""SRH""], [2022, ""PBKS""], [2021, ""PBKS""]]",[],[],0.6,105.0,0.52,5.0,95.0,0.48,-2.0,80.0,0.45,-5.0
Sediqullah Atal,75,Afghanistan,LHB,,Batter,Opener,,,,Foreigner,B,"[""#Opener"", ""#PowerHitter"", ""#PlaysPaceWell"", ""#PlaysSpinWell""]",[],"[""PowerHitter"", ""PlaysPaceWell"", ""PlaysSpinWell""]",[],"[[""ILT20"", ""MI Emirates"", 2024], [""BPL"", ""Chattogram Challengers"", 2024]]",[],[],[],0.5,110.0,0.53,7.0,90.0,0.47,-3.0,85.0,0.46,-4.0
Ackeem Auguste,75,Indian,LHB,RIGHT ARM Leg Spin,Batter,MiddleOrder,LegSpin,,,Foreigner,B,"[""#MiddleOrder"", ""#PlaysSpinWell"", ""#BattingOrder456""]","[""#2OverPartTimer"", ""#Legspin""]","[""PlaysSpinWell""]","[""2OverPartTimer""]","[[""CPL"", ""St Lucia Kings"", 2024], [""U19 World Cup"", ""West Indies"", 2022]]",[],[],[],0.5,90.0,0.47,-3.0,105.0,0.52,5.0,85.0,0.46,-4.0
Reeza Hendricks,100,South Africa,RHB,RIGHT ARM Off Spin,Batter,Opener,OffSpin,,,Foreigner,B,"[""#Opener"", ""#Top3Anchor"", ""#PlaysPaceWell"", ""#PlaysSpinWell"", ""#BattingOrder123""]","[""#2OverPartTimer"", ""#Offspin""]","[""Anchor"", ""PlaysPaceWell"", ""PlaysSpinWell""]","[""2OverPartTimer""]","[[""SA20"", ""Johannesburg Super Kings"", 2025], [""CSA T20 Challenge"", ""Lions"", 2024]]",[],[],[],0.7,110.0,0.53,7.0,100.0,0.5,0.0,85.0,0.46,-4.0
Pathum Nissanka,75,Sri Lanka,RHB,,Batter,Opener,,,,Foreigner,B,"[""#Opener"", ""#Top3Anchor"", ""#PlaysPaceWell"", ""#PlaysSpinWell"", ""#BattingOrder123""]",[],"[""Anchor"", ""PlaysPaceWell"", ""PlaysSpinWell""]",[],"[[""LPL"", ""Galle Titans"", 2024], [""T20I"", ""Sri Lanka"", 2024]]",[],[],[],0.6,105.0,0.52,5.0,100.0,0.5,0.0,80.0,0.45,-5.0
Tim Robinson,75,New Zealand,RHB,RIGHT ARM Medium,Batter,Opener,Pacer,,,Foreigner,B,"[""#Opener"", ""#PowerHitter"", ""#PlaysPaceWell"", ""#PlaysSpinWell""]","[""#2OverPartTimer"", ""#RightArmMedium""]","[""PowerHitter"", ""PlaysPaceWell"", ""PlaysSpinWell""]","[""2OverPartTimer""]","[[""Super Smash"", ""Wellington"", 2025], [""T20I"", ""New Zealand"", 2024]]",[],[],[],0.5,115.0,0.54,8.0,90.0,0.47,-3.0,85.0,0.46,-4.0
Steve Smith,200,Australia,RHB,,Batter,MiddleOrder,,,,Foreigner,B,"[""#Top3Anchor"", ""#MiddleOrder"", ""#PlaysPaceWell"", ""#PlaysSpinWell"", ""#BattingOrder34""]",[],"[""Anchor"", ""PlaysPaceWell"", ""PlaysSpinWell""]",[],"[[""BBL"", ""Sydney Sixers"", 2025], [""T20I"", ""Australia"", 2024]]","[[2021, ""DC""], [2020, ""RR""], [2019, ""RR""]]",[],[],0.8,100.0,0.5,0.0,115.0,0.55,8.0,85.0,0.46,-4.0
Rahul Tripathi,75,Indian,RHB,RIGHT ARM Medium,Batter,Opener,Pacer,,,Indian,B,"[""#Opener"", ""#Top3Anchor"", ""#PowerHitter"", ""#PlaysPaceWell"", ""#PlaysSpinWell"", ""#BattingOrder123""]","[""#2OverPartTimer"", ""#RightArmMedium""]","[""PowerHitter"", ""PlaysPaceWell"", ""PlaysSpinWell""]","[""2OverPartTimer""]","[[""SMAT"", ""Maharashtra"", 2025]]","[[2023, ""SRH""], [2022, ""SRH""], [2021, ""KKR""]]",[],[],0.7,110.0,0.53,7.0,100.0,0.5,0.0,85.0,0.46,-4.0
Sean Abbott,200,Australia,RHB,RIGHT ARM Fast Medium,BowlAR,Finisher,Pacer,DeathBowler,,Foreigner,A,"[""#Finisher"", ""#PowerHitter"", ""#BattingOrder78""]","[""#PPBowler"", ""#MiddleOvers"", ""#DeathOvers"", ""#CanBowl4Overs"", ""#RightArmFast""]","[""PowerHitter""]","[""CanBowl4Overs"", ""DeathOvers"", ""PPBowler""]","[[""BBL"", ""Sydney Sixers"", 2025], [""T20I"", ""Australia"", 2024]]","[[2022, ""SRH""], [2015, ""RCB""]]",[],[],0.8,110.0,0.55,10.0,105.0,0.53,8.0,120.0,0.6,12.0
Michael Bracewell,200,New Zealand,LHB,RIGHT ARM Off Spin,BowlAR,MiddleOrder,OffSpin,MOBowler,,Foreigner,A,"[""#MiddleOrder"", ""#Finisher"", ""#PowerHitter"", ""#PlaysSpinWell"", ""#BattingOrder567""]","[""#MiddleOvers"", ""#CanBowl4Overs"", ""#Offspin""]","[""PowerHitter"", ""PlaysSpinWell""]","[""CanBowl4Overs"", ""MiddleOvers""]","[[""Super Smash"", ""Wellington"", 2025], [""T20I"", ""New Zealand"", 2024]]","[[2023, ""RCB""]]",[],[],0.8,90.0,0.5,0.0,125.0,0.6,12.0,115.0,0.58,10.0
Ben Dwarshuis,100,Australia,LHB,LEFT ARM Fast Medium,,Finisher,Pacer,DeathBowler,B,Foreigner,B,"[""#LowerOrder"", ""#PowerHitter""]","[""#LeftArmPace"", ""#PPBowler"", ""#DeathOvers"", ""#CanBowl4Overs"", ""#PlaysPaceWell"", ""#Variations""]",[],"[""CanBowl4Overs""]","[[""BBL"", ""Sixers"", ""2023-24""], [""BBL"", ""Sixers"", ""2024-25""]]","[[""2021"", ""PBKS""], [""2022"", ""DC""]]",[],[],0.6,90.0,0.48,-3.0,105.0,0.52,3.0,125.0,0.58,10.0
Zak Foulkes,75,New Zealand,RHB,RIGHT ARM Fast Medium,,,Pacer,,B,Foreigner,B,"[""#LowerOrder""]","[""#RightArmFast"", ""#MiddleOvers"", ""#CanBowl4Overs""]",[],"[""CanBowl4Overs""]",[],[],[],[],0.5,95.0,0.49,-2.0,100.0,0.5,0.0,90.0,0.48,-4.0
Jason Holder,200,Indian,RHB,RIGHT ARM Fast,BowlAR,MiddleOrder,Pacer,DeathBowler,B,Indian,B,"[""#MiddleOrder"", ""#Finisher"", ""#PowerHitter"", ""#PlaysPaceWell""]","[""#RightArmFast"", ""#MiddleOvers"", ""#DeathOvers"", ""#CanBowl4Overs""]","[""Floater""]","[""CanBowl4Overs""]","[[""CPL"", ""Barbados"", ""2024""]]","[[""2020"", ""SRH""], [""2021"", ""SRH""], [""2022"", ""LSG""], [""2023"", ""RR""]]",[],[],0.7,95.0,0.48,-2.0,110.0,0.54,7.0,115.0,0.56,9.0
Daryl Mitchell,200,New Zealand,RHB,RIGHT ARM Medium,BatAR,MiddleOrder,Pacer,,A,Foreigner,A,"[""#Top3Anchor"", ""#MiddleOrder"", ""#Finisher"", ""#PowerHitter"", ""#PlaysPaceWell"", ""#PlaysSpinWell"", ""#BattingOrder456""]","[""#RightArmMedium"", ""#2OverPartTimer"", ""#MiddleOvers""]","[""Floater"", ""Anchor""]","[""2OverPartTimer""]","[[""Super Smash"", ""Canterbury"", ""2024-25""]]","[[""2022"", ""RR""], [""2024"", ""CSK""]]",[],[],0.8,110.0,0.55,7.0,130.0,0.62,15.0,120.0,0.58,10.0
Daniel Sams,100,Australia,RHB,LEFT ARM Fast Medium,BowlAR,Finisher,Pacer,DeathBowler,A,Foreigner,A,"[""#LowerOrder"", ""#Finisher"", ""#PowerHitter""]","[""#LeftArmPace"", ""#PPBowler"", ""#MiddleOvers"", ""#DeathOvers"", ""#CanBowl4Overs"", ""#Variations""]",[],"[""CanBowl4Overs""]","[[""BBL"", ""Sydney Thunder"", ""2023-24""], [""SA20"", ""MI Cape Town"", ""2024-25""]]","[[""2021"", ""RCB""], [""2022"", ""MI""]]",[],[],0.7,90.0,0.48,-3.0,110.0,0.54,5.0,130.0,0.6,14.0
Dasun Shanaka,75,Sri Lanka,RHB,RIGHT ARM Fast,BatAR,Finisher,Pacer,,B,Foreigner,B,"[""#MiddleOrder"", ""#Finisher"", ""#PowerHitter"", ""#PlaysPaceWell"", ""#PlaysSpinWell"", ""#BattingOrder67""]","[""#RightArmFast"", ""#MiddleOvers"", ""#2OverPartTimer""]",[],"[""2OverPartTimer""]","[[""LPL"", ""Galle Titans"", ""2024""]]","[[""2023"", ""GT""]]",[],[],0.7,90.0,0.48,-4.0,115.0,0.55,8.0,130.0,0.6,15.0
Matthew Short,150,Australia,RHB,RIGHT ARM Off Spin,BatAR,Opener,OffSpin,PPBowler,A,Foreigner,A,"[""#Opener"", ""#PowerHitter"", ""#SpinHitter"", ""#PlaysPaceWell"", ""#PlaysSpinWell""]","[""#RightArmOffSpin"", ""#PPBowler"", ""#MiddleOvers"", ""#CanBowl4Overs""]","[""Floater""]","[""CanBowl4Overs""]","[[""BBL"", ""Adelaide Strikers"", ""2023-24""], [""BBL"", ""Adelaide Strikers"", ""2024-25""]]",[],[],[],0.75,140.0,0.65,20.0,120.0,0.58,10.0,90.0,0.48,-3.0
Tom Banton,200,England,RHB,,Batter,Opener,,WKBat,B,Foreigner,B,"[""#Opener"", ""#WK"", ""#PowerHitter"", ""#PlaysPaceWell"", ""#PlaysSpinWell""]",[],[],[],"[[""Vitality Blast"", ""Somerset"", ""2024""]]","[[""2020"", ""KKR""]]",[],[],0.6,125.0,0.58,12.0,105.0,0.52,3.0,85.0,0.46,-5.0
Jordan Cox,75,England,RHB,,Batter,MiddleOrder,,WKBat,B,Foreigner,B,"[""#MiddleOrder"", ""#WK"", ""#Finisher"", ""#PlaysPaceWell"", ""#PlaysSpinWell"", ""#BattingOrder456""]",[],[],[],"[[""The Hundred"", ""Oval Invincibles"", ""2024""]]",[],[],[],0.65,95.0,0.49,-2.0,115.0,0.55,8.0,120.0,0.57,10.0
Shai Hope,200,Indian,RHB,,Batter,Opener,,WKBat,B,Indian,B,"[""#Opener"", ""#Top3Anchor"", ""#WK"", ""#PlaysPaceWell"", ""#PlaysSpinWell""]",[],"[""Anchor""]",[],"[[""CPL"", ""Trinbago Knight Riders"", ""2024""]]","[[""2023"", ""DC""]]",[],[],0.7,120.0,0.57,10.0,110.0,0.54,7.0,85.0,0.46,-5.0
Josh Inglis,200,Australia,RHB,,Batter,Opener,,WKBat,A,Foreigner,A,"[""#Opener"", ""#Top3Anchor"", ""#WK""]",[],"[""#PowerHitter"", ""#PlaysPaceWell"", ""#PlaysSpinWell""]",[],"[[""BBL"", ""Perth Scorchers"", 2023], [""BBL"", ""Perth Scorchers"", 2024]]",[],[],[],0.8,135.0,0.6,15.0,120.0,0.58,10.0,100.0,0.5,0.0
Benjamin McDermott,75,Australia,RHB,,Batter,Opener,,WKBat,B,Foreigner,B,"[""#Opener"", ""#WK""]",[],"[""#PowerHitter"", ""#PlaysPaceWell"", ""#PlaysSpinWell""]",[],"[[""BBL"", ""Hobart Hurricanes"", 2023], [""BBL"", ""Hobart Hurricanes"", 2024]]",[],[],[],0.7,115.0,0.55,8.0,95.0,0.48,-2.0,90.0,0.45,-5.0
Kusal Mendis,75,Sri Lanka,RHB,,Batter,Opener,,WKBat,B,Foreigner,B,"[""#Opener"", ""#Top3Anchor"", ""#WK""]",[],"[""#PlaysPaceWell"", ""#PlaysSpinWell""]",[],"[[""LPL"", ""Dambulla Aura"", 2023]]",[],[],[],0.6,110.0,0.53,6.0,105.0,0.52,3.0,90.0,0.45,-5.0
Kusal Perera,100,Sri Lanka,LHB,,Batter,Opener,,WKBat,B,Foreigner,B,"[""#Opener"", ""#WK""]",[],"[""#PowerHitter"", ""#PlaysPaceWell"", ""#PlaysSpinWell""]",[],"[[""LPL"", ""Dambulla Aura"", 2023]]","[[2012, ""RR""]]",[],[],0.6,118.0,0.56,9.0,98.0,0.49,-1.0,90.0,0.45,-5.0
Tim Seifert,150,New Zealand,RHB,,Batter,Opener,,WKBat,B,Foreigner,B,"[""#Opener"", ""#MiddleOrder"", ""#WK""]",[],"[""#PowerHitter"", ""#PlaysPaceWell"", ""#PlaysSpinWell""]",[],"[[""Super Smash"", ""Northern Brave"", 2023], [""BBL"", ""Sydney Thunder"", 2023]]","[[2020, ""KKR""], [2021, ""KKR""], [2022, ""DC""]]",[],[],0.7,115.0,0.55,8.0,105.0,0.52,3.0,95.0,0.48,-2.0
Kyle Jamieson,200,New Zealand,RHB,RIGHT ARM Fast,,,Pacer,PPBowler,B,Foreigner,B,"[""#BattingOrder78"", ""#CanBat""]","[""#RightArmFast"", ""#PPBowler"", ""#MiddleOvers"", ""#DeathOvers""]",[],"[""#CanBowl4Overs""]",[],"[[2021, ""RCB""], [2023, ""CSK""]]",[],[],0.6,90.0,0.52,5.0,90.0,0.53,5.0,85.0,0.5,0.0
Saqib Mahmood,150,England,RHB,RIGHT ARM Fast,,,Pacer,DeathBowler,B,Foreigner,B,"[""#BattingOrder89""]","[""#RightArmFast"", ""#PPBowler"", ""#MiddleOvers"", ""#DeathOvers""]",[],"[""#CanBowl4Overs""]","[[""PSL"", ""Peshawar Zalmi"", 2021]]",[],[],[],0.6,90.0,0.51,3.0,90.0,0.52,4.0,80.0,0.48,-2.0
Adam Milne,200,New Zealand,RHB,RIGHT ARM Fast,,,Pacer,PPBowler,B,Foreigner,B,"[""#BattingOrder89""]","[""#RightArmFast"", ""#PPBowler"", ""#DeathOvers""]",[],"[""#CanBowl4Overs""]","[[""Super Smash"", ""Central Districts"", 2023]]","[[2016, ""MI""], [2017, ""MI""], [2021, ""MI""], [2022, ""CSK""], [2023, ""DC""]]",[],[],0.7,85.0,0.53,6.0,90.0,0.52,4.0,80.0,0.5,2.0
Lungisani Ngidi,200,South Africa,RHB,RIGHT ARM Fast Medium,,,Pacer,DeathBowler,A,Foreigner,A,"[""#BattingOrder89""]","[""#RightArmFast"", ""#PPBowler"", ""#MiddleOvers"", ""#DeathOvers""]",[],"[""#CanBowl4Overs""]","[[""SA20"", ""Paarl Royals"", 2024]]","[[2018, ""CSK""], [2019, ""CSK""], [2021, ""CSK""], [2022, ""DC""]]",[],[],0.8,90.0,0.55,8.0,95.0,0.58,10.0,85.0,0.58,10.0
William Orourke,200,New Zealand,RHB,RIGHT ARM Fast,,,Pacer,,B,Foreigner,B,"[""#BattingOrder89""]","[""#RightArmFast"", ""#PPBowler"", ""#MiddleOvers"", ""#DeathOvers""]",[],"[""#CanBowl4Overs""]","[[""Super Smash"", ""Canterbury Kings"", 2023]]",[],[],[],0.6,95.0,0.51,4.0,90.0,0.52,5.0,80.0,0.49,1.0
Mustafizur Rahman,200,Bangladesh,LHB,LEFT ARM Fast Medium,,,,,,Foreigner,A,"[""#TailEnder""]","[""#LeftArmPace"", ""#PPBowler"", ""#MiddleOvers"", ""#DeathOvers"", ""#CanBowl4Overs"", ""#Variations"", ""#SlowerBallSpecialist""]","[""N/A""]","[""CanBowl4Overs""]","[[""IPL"", ""CSK"", 2024], [""BBL"", ""Sydney Thunder"", 2024], [""SA20"", ""Durban's Super Giants"", 2024], [""T20I"", ""Bangladesh"", 2024]]","[[2016, ""SRH""], [2018, ""MI""], [2021, ""RR""], [2022, ""DC""], [2024, ""CSK""]]",[],[],0.8,115.0,0.57,7.0,115.0,0.57,7.0,140.0,0.68,20.0
Chetan Sakariya,75,Indian,LHB,LEFT ARM Medium,,,,,,Indian,B,"[""#TailEnder""]","[""#LeftArmPace"", ""#PPBowler"", ""#MiddleOvers"", ""#DeathOvers"", ""#CanBowl4Overs"", ""#SwingBowler"", ""#Variations""]","[""N/A""]","[""CanBowl4Overs""]",[],"[[2021, ""RR""], [2022, ""DC""], [2023, ""DC""]]",[],"[[""SMAT"", ""Saurashtra"", 2024, ""Bowler""]]",0.6,110.0,0.55,5.0,100.0,0.5,0.0,90.0,0.47,-3.0
Kuldeep Sen,75,Indian,RHB,RIGHT ARM Fast,,,Pacer,,,Indian,B,"[""#TailEnder""]","[""#RightArmFast"", ""#PPBowler"", ""#DeathOvers"", ""#CanBowl4Overs"", ""#RawPace""]","[""N/A""]","[""CanBowl4Overs""]",[],"[[2022, ""RR""], [2023, ""RR""]]",[],"[[""SMAT"", ""Madhya Pradesh"", 2024, ""Bowler""]]",0.5,105.0,0.52,2.0,90.0,0.47,-3.0,95.0,0.5,0.0
Umesh Yadav,150,Indian,RHB,RIGHT ARM Fast Medium,,,Pacer,PPBowler,,Indian,B,"[""#TailEnder"", ""#CanBat""]","[""#RightArmFast"", ""#PPBowler"", ""#MiddleOvers"", ""#CanBowl4Overs"", ""#SwingBowler"", ""#PaceBowler""]","[""N/A""]","[""CanBowl4Overs""]",[],"[[2009, ""DD""], [2014, ""KKR""], [2018, ""RCB""], [2020, ""DD""], [2022, ""KKR""], [2023, ""KKR""], [2024, ""GT""]]",[],"[[""SMAT"", ""Vidarbha"", 2024, ""Bowler""]]",0.4,120.0,0.6,10.0,85.0,0.42,-7.0,75.0,0.37,-12.0
Liam Livingstone,200,England,RHB,RIGHT ARM Leg Spin,,,,,,England,,[],[],[],[],[],[],[],[],0.5,,,,,,,,,
Wiaan Mulder,100,South Africa,RHB,RIGHT ARM Fast Medium,,,,,,South Africa,,[],[],[],[],[],[],[],[],0.5,,,,,,,,,
Rachin Ravindra,200,New Zealand,LHB,LEFT ARM Slow Orthodox,,,,,,New Zealand,,[],[],[],[],[],[],[],[],0.5,,,,,,,,,
Finn Allen,200,New Zealand,RHB,,,,,,,New Zealand,,[],[],[],[],[],[],[],[],0.5,,,,,,,,,
Jonny Bairstow,100,England,RHB,,,,,,,England,,[],[],[],[],[],[],[],[],0.5,,,,,,,,,
K.S. Bharat,75,Indian,RHB,,,,,,,Indian,,[],[],[],[],[],[],[],[],0.5,,,,,,,,,
Quinton De Kock,100,South Africa,LHB,,,,,,,South Africa,,[],[],[],[],[],[],[],[],0.5,,,,,,,,,
Ben Duckett,200,England,LHB,,,,,,,England,,[],[],[],[],[],[],[],[],0.5,,,,,,,,,
Rahmanullah Gurbaz,150,Afghanistan,RHB,,,,,,,Afghanistan,,[],[],[],[],[],[],[],[],0.5,,,,,,,,,
Jamie Smith,200,England,RHB,,,,,,,England,,[],[],[],[],[],[],[],[],0.5,,,,,,,,,
Gerald Coetzee,200,South Africa,RHB,RIGHT ARM Fast,,,,,,South Africa,,[],[],[],[],[],[],[],[],0.5,,,,,,,,,
Akash Deep,100,Indian,RHB,RIGHT ARM Fast,,,,,,Indian,,[],[],[],[],[],[],[],[],0.5,,,,,,,,,
Jacob Duffy,200,New Zealand,RHB,RIGHT ARM Fast Medium,,,,,,New Zealand,,[],[],[],[],[],[],[],[],0.5,,,,,,,,,
Fazalhaq Farooqi,100,Afghanistan,RHB,LEFT ARM Fast Medium,,,,,,Afghanistan,,[],[],[],[],[],[],[],[],0.5,,,,,,,,,
Matt Henry,200,New Zealand,RHB,RIGHT ARM Fast Medium,,,,,,New Zealand,,[],[],[],[],[],[],[],[],0.5,,,,,,,,,
Spencer Johnson,150,Australia,LHB,LEFT ARM Fast,,,,,,Australia,,[],[],[],[],[],[],[],[],0.5,,,,,,,,,
Shivam Mavi,75,Indian,RHB,RIGHT ARM Fast Medium,,,,,,Indian,,[],[],[],[],[],[],[],[],0.5,,,,,,,,,
Anrich Nortje,200,South Africa,RHB,RIGHT ARM Fast,,,,,,South Africa,,[],[],[],[],[],[],[],[],0.5,,,,,,,,,
Matheesha Pathirana,200,Sri Lanka,RHB,RIGHT ARM Fast,,,,,,Sri Lanka,,[],[],[],[],[],[],[],[],0.5,,,,,,,,,
Ravi Bishnoi,200,Indian,RHB,RIGHT ARM Leg Spin,,,,,,Indian,,[],[],[],[],[],[],[],[],0.5,,,,,,,,,
Rahul Chahar,100,Indian,RHB,RIGHT ARM Leg Spin,,,,,,Indian,,[],[],[],[],[],[],[],[],0.5,,,,,,,,,
Akeal Hosein,200,Indian,LHB,LEFT ARM Slow Orthodox,,,,,,Indian,,[],[],[],[],[],[],[],[],0.5,,,,,,,,,
Mujeeb Rahman,200,Afghanistan,RHB,RIGHT ARM Off Spin,,,,,,Afghanistan,,[],[],[],[],[],[],[],[],0.5,,,,,,,,,
Maheesh Theekshana,200,Sri Lanka,RHB,RIGHT ARM Off Spin,,,,,,Sri Lanka,,[],[],[],[],[],[],[],[],0.5,,,,,,,,,
Aarya Desai,30,Indian,LHB,RIGHT ARM Off Spin,,,,,,Indian,,[],[],[],[],[],[],[],[],0.5,,,,,,,,,
Yash Dhull,30,Indian,RHB,RIGHT ARM Leg Spin,,,,,,Indian,,[],[],[],[],[],[],[],[],0.5,,,,,,,,,
Abhinav Manohar,30,Indian,RHB,RIGHT ARM Leg Spin,,,,,,Indian,,[],[],[],[],[],[],[],[],0.5,,,,,,,,,
Anmolpreet Singh,30,Indian,RHB,RIGHT ARM Off Spin,,,,,,Indian,,[],[],[],[],[],[],[],[],0.5,,,,,,,,,
Atharva Taide,30,Indian,LHB,LEFT ARM Slow Orthodox,,,,,,Indian,,[],[],[],[],[],[],[],[],0.5,,,,,,,,,
Abhinav Tejrana,30,Indian,LHB,RIGHT ARM Off Spin,,,,,,Indian,,[],[],[],[],[],[],[],[],0.5,,,,,,,,,
Auqib Dar,30,Indian,RHB,RIGHT ARM Fast Medium,,,,,,Indian,,[],[],[],[],[],[],[],[],0.5,,,,,,,,,
Rajvardhan Hangargekar,40,Indian,RHB,RIGHT ARM Fast,,,,,,Indian,,[],[],[],[],[],[],[],[],0.5,,,,,,,,,
Tanush Kotian,30,Indian,RHB,RIGHT ARM Off Spin,,,,,,Indian,,[],[],[],[],[],[],[],[],0.5,,,,,,,,,
Shivang Kumar,30,Indian,RHB,LEFT ARM Slow Unorthodox,,,,,,Indian,,[],[],[],[],[],[],[],[],0.5,,,,,,,,,
Mahipal Lomror,50,Indian,LHB,LEFT ARM Slow Orthodox,,,,,,Indian,,[],[],[],[],[],[],[],[],0.5,,,,,,,,,
Kamlesh Nagarkoti,30,Indian,RHB,RIGHT ARM Fast,,,,,,Indian,,[],[],[],[],[],[],[],[],0.5,,,,,,,,,
Vijay Shankar,30,Indian,RHB,RIGHT ARM Fast Medium,,,,,,Indian,,[],[],[],[],[],[],[],[],0.5,,,,,,,,,
Sanvir Singh,30,Indian,RHB,RIGHT ARM Fast,,,,,,Indian,,[],[],[],[],[],[],[],[],0.5,,,,,,,,,
Edhen Tom,30,Indian,RHB,RIGHT ARM Fast,,,,,,Indian,,[],[],[],[],[],[],[],[],0.5,,,,,,,,,
Prashant Veer,30,Indian,LHB,LEFT ARM Slow Orthodox,,,,,,Indian,,[],[],[],[],[],[],[],[],0.5,,,,,,,,,
Ruchit Ahir,30,Indian,RHB,,,,,,,Indian,,[],[],[],[],[],[],[],[],0.5,,,,,,,,,
Vansh Bedi,30,Indian,RHB,,,,,,,Indian,,[],[],[],[],[],[],[],[],0.5,,,,,,,,,
Mukul Choudhary,30,Indian,RHB,,,,,,,Indian,,[],[],[],[],[],[],[],[],0.5,,,,,,,,,
Tushar Raheja,30,Indian,LHB,,,,,,,Indian,,[],[],[],[],[],[],[],[],0.5,,,,,,,,,
Kartik Sharma,30,Indian,RHB,,,,,,,Indian,,[],[],[],[],[],[],[],[],0.5,,,,,,,,,
Tejasvi Singh,30,Indian,RHB,RIGHT ARM Off Spin,,,,,,Indian,,[],[],[],[],[],[],[],[],0.5,,,,,,,,,
Raj Limbani,30,Indian,LHB,RIGHT ARM Fast Medium,,,,,,Indian,,[],[],[],[],[],[],[],[],0.5,,,,,,,,,
Akash Madhwal,30,Indian,RHB,RIGHT ARM Fast Medium,,,,,,Indian,,[],[],[],[],[],[],[],[],0.5,,,,,,,,,
Sushant Mishra,30,Indian,LHB,LEFT ARM Fast,,,,,,Indian,,[],[],[],[],[],[],[],[],0.5,,,,,,,,,
Ashok Sharma,30,Indian,RHB,RIGHT ARM Fast,,,,,,Indian,,[],[],[],[],[],[],[],[],0.5,,,,,,,,,
Simarjeet Singh,30,Indian,RHB,RIGHT ARM Fast,,,,,,Indian,,[],[],[],[],[],[],[],[],0.5,,,,,,,,,
Naman Tiwari,30,Indian,LHB,LEFT ARM Fast,,,,,,Indian,,[],[],[],[],[],[],[],[],0.5,,,,,,,,,
Kartik Tyagi,30,Indian,RHB,RIGHT ARM Fast,,,,,,Indian,,[],[],[],[],[],[],[],[],0.5,,,,,,,,,
Yash Raj Punja,30,Indian,RHB,RIGHT ARM Leg Spin,,,,,,Indian,,[],[],[],[],[],[],[],[],0.5,,,,,,,,,
Vignesh Puthur,30,Indian,RHB,LEFT ARM Slow Unorthodox,,,,,,Indian,,[],[],[],[],[],[],[],[],0.5,,,,,,,,,
Karn Sharma,50,Indian,LHB,RIGHT ARM Leg Spin,,,,,,Indian,,[],[],[],[],[],[],[],[],0.5,,,,,,,,,
Shivam Shukla,30,Indian,RHB,RIGHT ARM Leg Spin,,,,,,Indian,,[],[],[],[],[],[],[],[],0.5,,,,,,,,,
Kumar Kartikeya Singh,30,Indian,RHB,LEFT ARM Slow Orthodox,,,,,,Indian,,[],[],[],[],[],[],[],[],0.5,,,,,,,,,
Prashant Solanki,30,Indian,RHB,RIGHT ARM Leg Spin,,,,,,Indian,,[],[],[],[],[],[],[],[],0.5,,,,,,,,,
Wahidullah Zadran,30,Afghanistan,RHB,RIGHT ARM Off Spin,,,,,,Afghanistan,,[],[],[],[],[],[],[],[],0.5,,,,,,,,,
Mayank Agarawal,75,Indian,RHB,RIGHT ARM Off Spin,,,,,,Indian,,[],[],[],[],[],[],[],[],0.5,,,,,,,,,
Sediqullah Atal,75,Afghanistan,LHB,,,,,,,Afghanistan,,[],[],[],[],[],[],[],[],0.5,,,,,,,,,
Ackeem Auguste,75,Indian,LHB,RIGHT ARM Leg Spin,,,,,,Indian,,[],[],[],[],[],[],[],[],0.5,,,,,,,,,
Reeza Hendricks,100,South Africa,RHB,RIGHT ARM Off Spin,,,,,,South Africa,,[],[],[],[],[],[],[],[],0.5,,,,,,,,,
Pathum Nissanka,75,Sri Lanka,RHB,,,,,,,Sri Lanka,,[],[],[],[],[],[],[],[],0.5,,,,,,,,,
Tim Robinson,75,New Zealand,RHB,RIGHT ARM Medium,,,,,,New Zealand,,[],[],[],[],[],[],[],[],0.5,,,,,,,,,
Steve Smith,200,Australia,RHB,,,,,,,Australia,,[],[],[],[],[],[],[],[],0.5,,,,,,,,,
Rahul Tripathi,75,Indian,RHB,RIGHT ARM Medium,,,,,,Indian,,[],[],[],[],[],[],[],[],0.5,,,,,,,,,
Sean Abbott,200,Australia,RHB,RIGHT ARM Fast Medium,,,,,,Australia,,[],[],[],[],[],[],[],[],0.5,,,,,,,,,
Michael Bracewell,200,New Zealand,LHB,RIGHT ARM Off Spin,,,,,,New Zealand,,[],[],[],[],[],[],[],[],0.5,,,,,,,,,
Ben Dwarshuis,100,Australia,LHB,LEFT ARM Fast Medium,,,,,,Australia,,[],[],[],[],[],[],[],[],0.5,,,,,,,,,
Zak Foulkes,75,New Zealand,RHB,RIGHT ARM Fast Medium,,,,,,New Zealand,,[],[],[],[],[],[],[],[],0.5,,,,,,,,,
Jason Holder,200,Indian,RHB,RIGHT ARM Fast,,,,,,Indian,,[],[],[],[],[],[],[],[],0.5,,,,,,,,,
Daryl Mitchell,200,New Zealand,RHB,RIGHT ARM Medium,,,,,,New Zealand,,[],[],[],[],[],[],[],[],0.5,,,,,,,,,
Daniel Sams,100,Australia,RHB,LEFT ARM Fast Medium,,,,,,Australia,,[],[],[],[],[],[],[],[],0.5,,,,,,,,,
Dasun Shanaka,75,Sri Lanka,RHB,RIGHT ARM Fast,,,,,,Sri Lanka,,[],[],[],[],[],[],[],[],0.5,,,,,,,,,
Matthew Short,150,Australia,RHB,RIGHT ARM Off Spin,,,,,,Australia,,[],[],[],[],[],[],[],[],0.5,,,,,,,,,
Tom Banton,200,England,RHB,,,,,,,England,,[],[],[],[],[],[],[],[],0.5,,,,,,,,,
Jordan Cox,75,England,RHB,,,,,,,England,,[],[],[],[],[],[],[],[],0.5,,,,,,,,,
Shai Hope,200,Indian,RHB,,,,,,,Indian,,[],[],[],[],[],[],[],[],0.5,,,,,,,,,
Josh Inglis,200,Australia,RHB,,,,,,,Australia,,[],[],[],[],[],[],[],[],0.5,,,,,,,,,
Benjamin McDermott,75,Australia,RHB,,,,,,,Australia,,[],[],[],[],[],[],[],[],0.5,,,,,,,,,
Kusal Mendis,75,Sri Lanka,RHB,,,,,,,Sri Lanka,,[],[],[],[],[],[],[],[],0.5,,,,,,,,,
Kusal Perera,100,Sri Lanka,LHB,,,,,,,Sri Lanka,,[],[],[],[],[],[],[],[],0.5,,,,,,,,,
Tim Seifert,150,New Zealand,RHB,,,,,,,New Zealand,,[],[],[],[],[],[],[],[],0.5,,,,,,,,,
Kyle Jamieson,200,New Zealand,RHB,RIGHT ARM Fast,,,,,,New Zealand,,[],[],[],[],[],[],[],[],0.5,,,,,,,,,
Saqib Mahmood,150,England,RHB,RIGHT ARM Fast,,,,,,England,,[],[],[],[],[],[],[],[],0.5,,,,,,,,,
Adam Milne,200,New Zealand,RHB,RIGHT ARM Fast,,,,,,New Zealand,,[],[],[],[],[],[],[],[],0.5,,,,,,,,,
Lungisani Ngidi,200,South Africa,RHB,RIGHT ARM Fast Medium,,,,,,South Africa,,[],[],[],[],[],[],[],[],0.5,,,,,,,,,
William Orourke,200,New Zealand,RHB,RIGHT ARM Fast,,,,,,New Zealand,,[],[],[],[],[],[],[],[],0.5,,,,,,,,,
Mustafizur Rahman,200,Bangladesh,LHB,LEFT ARM Fast Medium,,,,,,Bangladesh,,[],[],[],[],[],[],[],[],0.5,,,,,,,,,
Chetan Sakariya,75,Indian,LHB,LEFT ARM Medium,,,,,,Indian,,[],[],[],[],[],[],[],[],0.5,,,,,,,,,
Kuldeep Sen,75,Indian,RHB,RIGHT ARM Fast,,,,,,Indian,,[],[],[],[],[],[],[],[],0.5,,,,,,,,,
Umesh Yadav,150,Indian,RHB,RIGHT ARM Fast Medium,,,,,,Indian,,[],[],[],[],[],[],[],[],0.5,,,,,,,,,
